-- MySQL dump 10.13  Distrib 5.6.11, for Win64 (x86_64)
--
-- Host: localhost    Database: farevoto
-- ------------------------------------------------------
-- Server version	5.6.11

/*!40101 SET @OLD_CHARACTER_SET_CLIENT=@@CHARACTER_SET_CLIENT */;
/*!40101 SET @OLD_CHARACTER_SET_RESULTS=@@CHARACTER_SET_RESULTS */;
/*!40101 SET @OLD_COLLATION_CONNECTION=@@COLLATION_CONNECTION */;
/*!40101 SET NAMES utf8 */;
/*!40103 SET @OLD_TIME_ZONE=@@TIME_ZONE */;
/*!40103 SET TIME_ZONE='+00:00' */;
/*!40014 SET @OLD_UNIQUE_CHECKS=@@UNIQUE_CHECKS, UNIQUE_CHECKS=0 */;
/*!40014 SET @OLD_FOREIGN_KEY_CHECKS=@@FOREIGN_KEY_CHECKS, FOREIGN_KEY_CHECKS=0 */;
/*!40101 SET @OLD_SQL_MODE=@@SQL_MODE, SQL_MODE='NO_AUTO_VALUE_ON_ZERO' */;
/*!40111 SET @OLD_SQL_NOTES=@@SQL_NOTES, SQL_NOTES=0 */;

--
-- Table structure for table `poll_candidates`
--

DROP TABLE IF EXISTS `poll_candidates`;
/*!40101 SET @saved_cs_client     = @@character_set_client */;
/*!40101 SET character_set_client = utf8 */;
CREATE TABLE `poll_candidates` (
  `id` int(10) unsigned NOT NULL AUTO_INCREMENT,
  `first_name` varchar(100) NOT NULL,
  `last_name` varchar(100) NOT NULL,
  `email` varchar(100) DEFAULT NULL,
  `birthdate` date NOT NULL,
  `party` varchar(120) NOT NULL,
  `url` varchar(200) DEFAULT NULL,
  `address` varchar(150) DEFAULT NULL,
  `image` varchar(250) DEFAULT NULL,
  PRIMARY KEY (`id`)
) ENGINE=InnoDB AUTO_INCREMENT=176805 DEFAULT CHARSET=utf8 ROW_FORMAT=COMPRESSED;
/*!40101 SET character_set_client = @saved_cs_client */;

--
-- Dumping data for table `poll_candidates`
--

LOCK TABLES `poll_candidates` WRITE;
/*!40000 ALTER TABLE `poll_candidates` DISABLE KEYS */;
INSERT INTO `poll_candidates` VALUES (65959,'Marco','Beltrami','mbeltrami@gmail.com','1958-08-02','Federico Diomeda - Presidente Liguria','','',''),(66028,'Marco','Esposito','marcoesposito@solidimage.it','1963-02-14','Michele Boldrin','','',''),(66032,'Massimo','Famularo','famularo.fermareildeclino@gmail.com','1977-05-06','Michele Boldrin','','',''),(66044,'Cesare','Galli','galli.mi@iplawgalli.it','1962-04-08','Michele Boldrin','','',''),(66055,'Massimo','Giaconia','massimo.giaconia@bakermckenzie.com','1910-01-01','Roberto Italia','','',''),(66086,'Diego','Menegon','diegomenegon@gmail.com','1983-07-20','Roberto Italia','','',''),(66120,'Roberto','Pea','pearoberto@studiolegalepea.it','1955-06-01','Michele Boldrin','','',''),(66123,'Alberto','Pera','apera@gop.it','1949-11-04','roberto italia','','',''),(66181,'Saba Giulia','Zecchi','saba.zecchi@teapartyitalia.it','1983-01-22','Roberto Italia','','',''),(90593,'Michele','Parodi','parodi@povlegali.it','1972-03-02','Roberto Italia','','',''),(90612,'Walter Junior','Cassetta','wjr.cassetta@me.com','1980-04-26','','','',''),(90624,'Enea','Zaccagno','eneazaccagno@gmail.com','1962-08-14','Fare Regionale Tommaso Consigli','','',''),(90937,'Guido','Gambardella','g.gambardella@tdd.it','1960-12-15','','','',''),(91048,'Corrado','Schiesaro','corradoschiesaro@gmail.com','1959-04-03','Luigi Grillo','','',''),(91089,'Maria Elena','Olante','mariaelena.olante@unicatt.it','1979-10-30','Roberto Italia','','',''),(91152,'Burkhard','Blattner','hbblattner@gmail.com','1951-10-27','Filippo Franceschetto','','',''),(91265,'sabrina','cohen','sabrina.cohen@gmail.com','1972-03-01','','','',''),(91597,'Roberto','Pagano','wrp@wrp.it','1974-10-31','Michele Boldrin','','',''),(91659,'Enrica','Ubbiali','enrybasket64@hotmail.it','1964-10-10','Roberto Italia','','',''),(92049,'Giuseppe','Cantele','giuseppe.cantele@gmail.com','1962-01-10','Michele Boldrin','','',''),(92084,'Dario','Paschetta','dariopaschetta@gmail.com','1978-09-18','Alberto Santacroce','','',''),(92600,'Francesco detto Franz','Burza','franzister@gmail.com','1974-10-09','Sergio Allevato','','',''),(93082,'Salvatore','Criscuolo','salcris62@gmail.com','1962-06-09','Roberto Italia','','',''),(93183,'Nicola Ruggero','Saporiti','nicola.saporiti@yahoo.com','1972-07-30','Roberto Italia','','',''),(93528,'Antonio','Masala','antonio.masala@imtlucca.it','1972-05-24','Michele Boldrin','','',''),(93618,'Marco','Frasca','marco.frasca@iol.it','1972-07-15','Roberto talia','','',''),(93633,'Mario','Giardini','mariogiardini@ymail.com','1947-12-22','Michele Boldrin','','',''),(93770,'Anna','Zampieron','annazampieron@ticosoci.it','1970-06-01','Michele Boldrin','','',''),(93809,'Rinaldo','Garin','rinaldog69@gmail.com','1969-07-19','','','',''),(93991,'Flaminio','de Castelmur','flaminio@nuovaellis.it','1963-04-08','Corrado Griffa','','',''),(94154,'danilo','vitali','danilovitali@vitalistudiolegale.com','1955-02-20','roberto italia','','',''),(94255,'CLAUDIO','GALLANA','claudio.gallana@gmail.com','1956-10-03','FRANCO BOCCHINI (Presidente Regionale Veneto)','','',''),(94331,'Matteo Elia','Quarti','matteo.quarti@hotmail.com','1974-11-11','ROBERTO ITALIA','','',''),(94423,'Stefano','Sarasso','stefano.sarasso@gmail.com','1972-01-28','Alberto Santacroce','','',''),(94585,'Roberto','Grassi','rgrassi1970@gmail.com','1970-03-26','Michele Boldrin','','',''),(94611,'Riccardo','Melloni','riccardo.melloni@unimore.it','1959-11-16','Fulvia Ugetti','','',''),(94741,'Guglielmo','Del Pero','guglielmodelpero@gmail.com','1977-04-17','Alberto Santacroce','','',''),(94768,'Laurent Jean','Conti','laurent.energia@gmail.com','1969-09-19','Oscar Giannino','','',''),(94849,'luca','magri','luc2072@gmail.com','1972-03-13','Roberto Italia','','',''),(95184,'MAURIZIO','SANAVIO','mauriziosanavio@gruppovega.com','1954-06-26','Boldrin Michele','','',''),(95212,'Alessandro','Stecconi','a.stecconi@sidasrl.it','1977-12-12','','','',''),(95766,'Fabrizio','Viotto','fabrizio.viotto@alice.it','1957-01-26','Michele Boldrin','','',''),(96011,'MARIANNA','CALOSCI','marianna.calosci@gmail.com','1955-12-07','Roberto Italia','','',''),(96066,'Dario','Danese','dariodanese@gmail.com','1984-02-21','roberto italia','','',''),(96599,'roberto','pasino','roberto.pasino@gmail.com','1961-10-17','ROBERTO ITALIA','','',''),(96959,'Mario','Anzini','anzinimario@gmail.com','1963-03-24','Luigi Pirozzi','','',''),(96988,'Gianni Paolo','Buccarella','giannibuccarella@studiobuccarella.it','1950-04-07','Roberto Italia','','',''),(97196,'PIETRO','ABBA','pieroabba@tiscali.it','1961-12-12','Michele Boldrin al nazionale, Francesco Bini Verona al regionale Toscana','','',''),(97312,'Cesare','Nistri','c.nistri@gmail.com','1977-08-26','Roberto Italia - FARE PER UNIRE','','',''),(97430,'gilberto','bonaga','gilberto.bonaga@unibo.it','1961-11-16','Michele Boldrin','','',''),(97507,'Carlo','Piazza','carlo.piazza92@gmail.com','1992-07-06','Giovanni Torri','','',''),(97979,'Roberto','Furlan','furlan@armourdesign.net','1965-03-17','Michele Boldrin alla presidenza nazonale - Franco Bocchini alla presidenza regionale','','',''),(98024,'Salvatore','Panza','sa.panza@virgilio.it','1960-12-23','Roberto Italia','','',''),(98087,'Franco','Puglia','puglia.franco@fastwebnet.it','1947-04-16','Michele Boldrin','','',''),(98117,'Luigi','Maino','luigi.maino@libero.it','1952-01-08','Michele Boldrin ; Carlo Maria Pinardi','','',''),(98136,'Adolfo','Bertone','adolfo.bertone@alice.it','1964-09-26','','','',''),(98265,'Marco','Faraci','mfarac@tin.it','1975-07-30','Roberto Italia','','',''),(98524,'Filippo','Battiti','filippo93b@gmail.com','1993-06-23','Nazionale: Michele BOLDRIN. Regionale: Stefano Santorum.','','',''),(98554,'Alessandro','Celuzza','alcemail@iname.com','1960-06-30','Michele Boldrin','','',''),(98624,'Francesco','Nasso','francesco.nasso@libero.it','1970-03-09','','','',''),(98979,'Mauro','Benincasa','mauro@hifly.it','1974-06-26','Michele Boldrin','','',''),(99074,'franco','turco','franco.endasviaggi@gmail.com','1960-07-25','roberto italia','','',''),(99105,'Luigi','Pirozzi','luigi.pirozzi@hotmail.com','1961-10-17','Michele Boldrin','','',''),(99303,'Fabrizio','Galluzzi','fabrizio.galluzzi@fastwebnet.it','1962-08-01','Federico Diomeda','','',''),(99597,'Giorgio Maria','Mazzoli','giorgiomazzoli@vintieassociati.com','1973-05-16','Michele Boldrin, Ezio Bussoletti (Direzione Nazionale), Andrea Piedimonte Bodini (Presidenza Lazio)','','',''),(99680,'Cristina','Ronchi','crisronchi@gmail.com','1969-10-27','Roberto Italia','','',''),(99798,'Daniela','Bandera','daniela.bandera@nomesis.net','1954-09-07','Roberto Italia','','',''),(99869,'Stefano','Tonelli','s.tonelli@lunidata.it','1969-12-29','Michele Boldrin','','',''),(99881,'Daniel','Farhi','dafarhi@gmail.com','1975-05-16','','','',''),(100027,'Raffaele','Pallotto','raffaele.pallotto@gmail.com','1966-03-17','ROBERTO ITALIA','','',''),(100054,'Aldo','Ravaioli','aldo.ravaioli@almainvest.it','1944-07-06','ROBERTO ITALIA','','',''),(100143,'giorgio','balgera','balgera@libero.it','1968-08-25','michele boldrin','','',''),(100351,'Fabio','Lazzari','fabo.milano@gmail.com','1975-07-29','Michele Boldrin','','',''),(100394,'Daniele Federico','Monarca','d.monarca@pigrecofinance.com','1959-04-22','Roberto Italia per Presidenza Nazionale','','',''),(100557,'Vincenzo','Pinto','pintovi@hotmail.com','1979-12-12','Michele Boldrin','','',''),(100590,'Piergiorgio','Priori','studiopriori@alice.it','1973-03-15','R. Italia','','',''),(100885,'Alexandro','Todeschini','asetyde@me.com','1987-04-23','Michele Boldrin','','',''),(100904,'Tiziano','Franceschini','tizianofranceschini@gmail.com','1978-06-08','Stefano Santorum (presidente TAA)','','',''),(101012,'Antonello','Di Campli Finore','ing.antonello@dicampli.it','1976-05-12','Stella Massimiliano','','',''),(101144,'LUIGI','GRILLO','torgrillo@gmail.com','1955-05-10','MICHELE BOLDRIN','','',''),(101160,'Carlo','Caresana','c.caresana1@virgilio.it','1956-09-16','Michele Boldrin','','',''),(101326,'Carlo','Palazzo','carlo.palazzo@bpetna.it','1968-01-20','Michele Boldrin','','',''),(101337,'Alessandro','Smerieri','ale.smerieri@alice.it','1968-12-11','Fulvia Ugetti (presidente regionale Emilia Romagna)','','',''),(101417,'Davide','Crociati','cd@pantapubblicita.it','1965-12-06','MICHELE BOLDRIN','','',''),(101495,'Emanuela','Banfi','ebanfi@gmail.com','1969-01-20','Roberto Italia','','',''),(101615,'Costantino','De Blasi','cdeblasi@hotmail.it','1968-03-05','Michele Boldrin','','',''),(101919,'Marco','Hanaman','marcohanaman@gmail.com','1971-05-03','Italia','','',''),(101943,'Gerardo','Santoli','gerardosantoli@tiscali.it','1974-03-13','Michele Boldrin','','',''),(102071,'Mario','Riccio','avv.mario.riccio@gmail.com','1947-05-15','Michele Boldrin al nazionale, Francesco Bini Verona al regionale Toscana','','',''),(102115,'Fulvia','Ugetti','fugetti@gmail.com','1949-09-16','','','',''),(102156,'Alessandro','Saccani','alessandrosaccani@studiosaccani.it','1966-03-01','','','',''),(102230,'fabrizio','sbardella','fabriziosbardella@libero.it','1954-05-04','','','',''),(102365,'Pier Giovanni','Toniolo','piergiovanni.toniolo@virgilio.it','1961-03-27','Pres. Naz.Roberto Italia Pres. Reg. Filippo Franceschetto','','',''),(102372,'GIUSEPPE','CARRIERI','gius.carrieri@virgilio.it','1964-09-16','BOLDRIN','','',''),(102452,'Simona','Benedettini','benedettini.simona@gmail.com','1983-06-02','Michele Boldrin e Carlo Maria Pinardi alla Direzione Regionale Lomardia','','',''),(102512,'David','Berno','berno.david@gmail.com','1972-01-10','Roberto Italia','','',''),(102621,'Piero','Lolli','pierololli@hotmail.com','1975-03-25','Michele Boldrin','','',''),(102662,'Paolo','Pratesi','paolo@xenium.it','1968-11-08','FRANCESCO BINI VERONA','','',''),(102674,'Emanuele','Degradi','Emanuele.degradi@gmail.com','1968-09-23','Sostengo Michele Boldrin a presidente di FARE','','',''),(102708,'MARCO','FABBRINI','marco.fabbrini@itagency.it','1968-09-07','Roberto Italia e Filippo Paccagnella','','',''),(102982,'Giuseppe (Cioppy)','Anglana','giuseppe.anglana@yahoo.it','1971-07-03','Michele Boldrin, Fabio Pietrogiovanni','','',''),(103030,'Gennaro','De Falco','gennarodefalco@tiscali.it','1956-08-05','Roberto Italia','','',''),(103031,'Michele','Rocchio','michele.rocchio@gmail.com','1960-12-16','Franceschetto Filippo','','',''),(103378,'Federico','Diomeda','federico@diomeda.it','1959-06-29','','','',''),(103523,'Gabriele','Varnier','gabriele.varnier@gmail.com','1970-10-01','Alla Presidenza della Regione Friuli Venezia Giulia appoggio la candidatura di Elia Giampaolo','','',''),(103692,'Massimo','Laccisaglia','federazionedeimovimenti@gmail.com','1947-12-26','Boldrin','','',''),(103892,'Antonio','Castelli','service.castelli@libero.it','1951-12-13','Roberto Italia e Giovanni Torri','','',''),(103978,'Gianluca','Ferraro','gferraro@cordeiroguerra.it','1974-09-09','Roberto Italia','','',''),(104085,'Pierino Vittorio','GUERISOLI','pguerisoli@mediastaff.com','1962-02-27','Michele Boldrin','','',''),(104115,'Massimo','Monetti','massimo@monetticonsulting.it','2012-03-24','Michele BOLDRIN','','',''),(104129,'Davide','Emone','emonedavide@yahoo.it','1992-09-20','','','',''),(104220,'Alberto','Mandolfi','amandolfi@hotmail.com','1971-03-21','Presidenza regionale Stefano Santorum','','',''),(104240,'MosŠ','Muraro','arch.mose.muraro@gmail.com','1979-11-23','Michele Boldrin','','',''),(104251,'Luca','Campioni','lcampioni80@gmail.com','1980-08-31','Michele Boldrin','','',''),(104276,'Stefano','Sedrani','stefano.sedrani@gmail.com','1970-06-01','','','',''),(104423,'Carlo','Perni','carlo.perni@fermareildeclino.it','1977-10-10','Giovanni Torri','','',''),(104522,'Ilaria','Negri','negri.ilaria@libero.it','1973-11-22','Michele Boldrin','','',''),(104523,'cinzia','zangara','cinziazangara@libero.it','1967-09-04','Nazionale Riccardo Gallo - Regione Lazio Giovanni Bellofiore','','',''),(104571,'Radames','Bassani','rabasni@gmail.com','1963-11-16','','','',''),(104626,'Maria','D\'Alessandro','maria_piera@yahoo.com','1965-09-09','Michele Boldrin a livello Nazionale, Andrea Piedimonte per il Lazio','','',''),(104790,'Massimiliano','Stella','max.star.italy@gmail.com','1967-07-11','Roberto Italia','','',''),(104827,'Andrea','Piedimonte Bodini','appiedi@yahoo.com','1971-04-08','','','',''),(104894,'Marco','Allegrini','allegrin@gmail.com','1971-10-27','Roberto Italia','','',''),(105075,'Filippo','Franceschetto','f.franceschetto@gmail.com','1979-09-30','Roberto Italia','','',''),(105154,'Antonio','Sartori di Borgoricco','asdib@libero.it','1953-07-17','','','',''),(105170,'Maurizio','Mazzon','maurizio.mazzon62@gmail.com','1962-08-28','Michele BOLDRIN','','',''),(105192,'Roberta','Crescentini','robicre@gmail.com','1969-02-16','MICHELE BOLDRIN','','',''),(105197,'Andrea','Bonalanza','a.bonalanza@grupposatelite.com','1967-03-09','Roberto Italia - Paolo Parrini','','',''),(105260,'Carlo','de Nitto PersonŠ','denitto@studiolegaledenitto.it','1957-10-15','Roberto Italia','','',''),(105369,'Marco','Carrucciu','marco.carrucciu@gmail.com','1970-05-04','Michele Boldrin','','',''),(105375,'Lorenzo','Greco','lorenzog.73@gmail.com','1973-03-27','Nazionale: Riccardo Gallo - Regionale: Giovanni Bellofiore','','',''),(105397,'Massimiliano','Pannozzo','maxpann@tiscali.it','1974-01-29','Michele Boldrin','','',''),(105590,'Chiara','Garibotto','chiara.garibotto@gmail.com','1987-05-25','Roberto Italia','','',''),(105650,'Fabio','Bertazzoli','fabio@studio-legale-bertazzoli.it','1964-06-30','Michele Boldrin','','',''),(105739,'Floriana','Petracco','floriana.petracco@gmail.com','1968-01-21','Roberto Italia Presidente nazionale e Gianni Torri Presidente regionale','','',''),(105807,'giuseppe','tarantini','giuseppe.tarantini@soaveengineering.it','1969-01-25','Michele Boldrin','','',''),(105833,'Antonio','Mele','meleantonio@gmail.com','1977-03-25','Michele Boldrin','','',''),(105913,'Marcello','Urbani','marcello.urbani@gmail.com','2012-08-13','Michele Boldrin','','',''),(105980,'Enrico','Martial','enrico.martial@agence.it','1962-05-22','Roberto Italia','','',''),(106244,'Alessandro','Rossi','alerossi81@hotmail.com','1981-11-24','Roberto Italia (Nazionale) + Gianni Torri (Regione Lombardia)','','',''),(106272,'Mauro','Marcucci','mauro.marcucci2@gmail.com','1949-07-25','Michele Boldrin','','',''),(106692,'Ernesto','Cauda','ernestocauda@tiscali.it','1966-07-10','Roberto Italia','','',''),(106700,'Francesco','Bini Verona','f.biniverona@teseonet.org','1962-05-30','Michele Boldrin','','',''),(106839,'antonietta','cavallari','antoniettacavallari@libero.it','1952-08-24','','','',''),(106861,'Sergio','Allevato','sergio.allevato@cflf.it','1963-10-29','','','',''),(107061,'tamara','borghini','tamaraborghini@tiscali.it','1959-12-20','','','',''),(107256,'Fulvio','Anselmi','f.anselmi@tiscali.it','1974-07-12','Luigi Pirozzi (presidente regionale) Michele Boldrin (presidente nazionale)','','',''),(107316,'Paolo','Rota','paolo.rota20@tin.it','1967-06-30','Roberto Italia','','',''),(108029,'Alessandro','De Salvia','aledesalvia@libero.it','1974-03-01','Roberto Italia','','',''),(108639,'Angelo','Santi','angsanti@tin.it','1970-05-01','nessun candidato (sarebbe ragionevole attendere il congresso regionale)','','',''),(108687,'Alessandro','Simonazzi','a.simonazzi@studiosimonazzi.it','1978-04-02','Michele Boldrin','','',''),(108792,'Guido','Amadini','guido.amadini@virgilio.it','1952-09-26','Michele Boldrin','','',''),(108862,'Luca','Ballarini','luca@bellissimo.it','1974-09-28','Michele Boldrin','','',''),(108886,'Giovanni','Rosci','giovannirosci@virgilio.it','1967-06-08','Stella Massimiliano','','',''),(109019,'Mario','Pan','mario.pan@asp-poli.it','1984-07-13','Roberto Italia','','',''),(109067,'fabrizio','volterrani','fabrizio_volterrani@yahoo.it','1963-07-15','Paolo Parrini','','',''),(109126,'ALESSIO','MARCHETTI','alessio@marchettisrl.net','1981-02-08','ROBERTO ITALIA','','',''),(109262,'Stefano','Loddo','steloddo@gmail.com','1971-03-03','Roberto ITALIA Presidenza Nazionale - FARE per UNIRE','','',''),(109277,'giuseppe','naim','giuseppenaim@gmail.com','1958-06-06','Roberto Italia','','',''),(109404,'emiliano','matera','emilianomatera@gmail.com','1975-06-14','Roberto Italia','','',''),(109534,'Carlo','Carassai','c.carassai@ciampalini.it','1968-11-12','Roberto Italia','','',''),(109685,'Claudio','Latorre','clatorre73@gmail.com','1973-08-09','Michele Fanelli','','',''),(109708,'Rudi','De Gasperin','r.degasperin@me.com','1961-01-05','Filippo Paccagnella / Roberto Italia','','',''),(109827,'rosalba','martino','martino_rosalba@libero.it','1965-01-30','Fulvia Ugetti','','',''),(109867,'Tommaso','Consigli','consiglitommaso@libero.it','1972-06-10','','','',''),(109904,'mario','angelini','angelini-srl@libero.it','1965-07-28','Roberto Italia','','',''),(110023,'Daniele','Franza','daniele@franza.net','1974-08-28','Roberto Italia','','',''),(110030,'antonluca','cuoco','antonluca.cuoco@fermareildeclino.it','1978-07-21','roberto italia','','',''),(110278,'Enrico','Silvestri','silvestrien@alice.it','1948-02-24','Nessuno,','','',''),(110319,'giorgio','siringo','gsiringo@tekam.biz','1966-05-17','ROBERTO ITALIA','','',''),(110324,'Massimiliano','Sammarco','maxsammarco@gmail.com','1960-07-16','Michele Boldrin','','',''),(110365,'Giuseppe','Loiacono','beppe.loiacono@virgilio.it','1957-05-31','Michele Boldrin, Fabio Pietrogiovanni','','',''),(110386,'Michele','Tommasi','mike@tomma.si','1956-09-19','','','',''),(110654,'filippo','paccagnella','filippo.paccagnella@libero.it','1972-02-05','','','',''),(111238,'SABRINA','ARANZANU','arch.aranzanu@gmail.com','1971-09-29','Franco Turco','','',''),(111354,'Stefano','Amadei','orsogrigio53@me.com','1953-09-21','Franco Turco','','',''),(111461,'ROBERTO','MAZZANTI','roberto.studiomazzanti@gmail.com','1959-04-19','MICHELE BOLDRIN','','',''),(111485,'federico','pozzoli','federico.pozzoli@fastwebnet.it','1963-03-03','gianni torri','','',''),(111566,'Massimo','Orfei','max.68@hotmail.it','1968-12-06','Michele Boldrin','','',''),(111791,'Marco','Saltalamacchia','marco@saltalamacchia.net','1961-07-13','Michele Boldrin','','',''),(112001,'Michele','Barzaghi','mbarzaghi@farmacons.com','1975-02-20','Roberto Italia','','',''),(112172,'marco','apostoli','info@magneticpower.it','1976-03-10','Presidente nazionale Michele Boldrin-Presidente regionale Carlo Maria Pinardi','','',''),(112211,'Antonino','Ingrosso','tonymorgan@live.it','1949-01-14','','','',''),(112514,'Laura','Francesconi','lrfrancesconi@gmail.com','1966-11-10','Roberto Italia','','',''),(112842,'nicola','calace','nicolacalace@me.com','1964-08-15','','','',''),(112963,'Marcello','Montanari','marcello-montanari@libero.it','1958-07-23','Gianni Torri','','',''),(113251,'Antonio','De Rosa','aderosa@studiofinanziario.eu','1968-06-04','Michele Boldrin','','',''),(113343,'antonio','zambrano','azambrano@inwind.it','1951-07-04','Nazionale Riccardo Gallo - Regione Lazio Leonardo D\'Urso','','',''),(113514,'Sergio','Mereu','parliamone84@hotmail.it','1984-08-25','Roberto Italia','','',''),(113781,'Francesco','Mingiardi','f.mingiardi@pmlegale.it','1976-02-14','Giovanni Bellofiore','','',''),(113826,'Ezio','Bussoletti','ezio.bussoletti@fastwebnet.it','1947-03-10','Michele Boldrin','','',''),(113879,'Michele','Repaci','michele.repaci@alice.it','1968-10-05','Filippo Paccagnella -Presidenza Regione Veneto-','','',''),(113901,'Salvatore','Modica','salvatore.modica@gmail.com','1957-01-09','Michele Boldrin','','',''),(113977,'Luca','Allegretti','lucaallegretti@ymail.com','1961-07-26','','','',''),(114402,'Francesco','Capitani','rschumann3@yahoo.it','1977-08-23','Boldrin per la pres. nazionale, Stecconi A. per la presid. regionale','','',''),(114691,'STEFANO','SANTORUM','santorum.stefano@gmail.com','1966-04-14','','','',''),(114857,'Cristiano','Pizzi','cristianopizzi@gmail.com','1977-03-31','Roberto Italia','','',''),(115206,'marta','biasutti','biasuttim@gmail.com','1965-03-26','','','',''),(115460,'Carlo','Cocina','carcocina@msn.com','1982-06-10','','','',''),(115464,'Cristina Maria','Giraudo','cristina.giraudo@teletu.it','1969-09-02','Roberto Italia','','',''),(115685,'Luciano','Vasques','lvasques@libero.it','1963-01-31','Roberto Italia','','',''),(115742,'Daniele','Coen','daniele@studiocoen.com','1966-10-25','Michele Boldrin','','',''),(115783,'Gianluca','Federico','gianluca.federico@studbocconi.it','1990-09-07','Alberto Santacroce','','',''),(115899,'Giovanni','Bellofiore','g.bellofiore@libero.it','1947-07-13','','','',''),(116234,'Donatella','Lauro','dlauro@iol.it','1959-07-14','Michele Boldrin','','',''),(116455,'costantino','nigra','costa.nigra@gmail.com','1973-01-17','enrico martial','','',''),(116667,'Giacomo','Battiston','giacomo.battiston@gmail.com','1985-02-01','Michele Boldrin','','',''),(116899,'christian','villa','christian_villa@libero.it','1975-04-22','Non dichiaro formale appoggio ad alcun Candidato Presidente Regionale','','',''),(117386,'Giuseppe','Carteny','giuseppe.carteny@gmail.com','1988-03-19','Giovanni Bellofiore','','',''),(117457,'Valeria','Bonavolont…','valeria.bonavolonta@gmail.com','1969-11-16','Roberto Italia (penso al futuro - non di Fare, del Paese :-))','','',''),(117568,'Marco','Ennilo','marco.ennilo@gmail.com','1971-04-17','Michele Boldrin','','',''),(117572,'Alessandro','Marini','amarini64@gmail.com','1964-08-02','Roberto Italia','','',''),(117641,'Pasquale detto Lino','Cutolo','lino.cutolo@cmdo.it','1945-03-18','Angelo Boccolini','','',''),(117649,'Andrea','Di Mauro','andrea.dimauro@tin.it','1971-02-25','Michele Boldrin','','',''),(117680,'Raffaele','Pillo','dott.pillo@libero.it','1959-06-05','Angelo Boccolini','','',''),(117794,'GIANLUCA','GANDALINI','g.gandalini@libero.it','1979-01-06','Michele Boldrin','','',''),(117886,'Thomas','Bastianel','bastianel@libero.it','1981-01-28','Michele Boldrin - Franco Bocchini','','',''),(118074,'stefano','zonin','stefano.zonin@alice.it','1958-07-21','ROBERTO ITALIA','','',''),(118148,'Fabrizio','Dafano','fdafano@yahoo.it','1956-09-14','Eligio Ceccanei','','',''),(118186,'Raffaele','Battaglini','avv.raffaelebattaglini@googlemail.com','1981-05-07','Michele Boldrin','','',''),(118443,'Maurizio','Pollastri','mauriziopollastri@tiscali.it','1962-08-05','Franco Turco alla Presidenza Regione Sardegna','','',''),(118564,'Nicoletta','Marangoni','nicoletta.marangoni@gmail.com','1961-08-25','Roberto Italia','','',''),(118758,'Violetta','Frasnedi','violetta.frasnedi@gmail.com','1972-10-21','Fulvia Ugetti','','',''),(118810,'Alberto','Santacroce','alberto.santacroce@gmail.com','1987-07-11','','','',''),(118993,'Carlo','Andretta','carlo.andretta@virgilio.it','1959-10-07','Filippo Paccagnella alla Presidenza Regionale','','',''),(119021,'lorena','villa','lorenavilla789@gmail.com','1962-09-08','Michele Boldrin','','',''),(119075,'Leonardo','D\'Urso','leonardo.durso@adrcenter.com','1968-09-25','Roberto Italia','','',''),(119132,'mariano','roman','marianoroman55@gmail.com','1955-04-01','Boldrin','','',''),(119298,'Pasquale','Tarricone','tarricone@tmlstudio.it','1961-08-05','Non supporto alcuno: sarebbe stato più liberale scegliere in sede congressuale','','',''),(119493,'Antonio','Scala','antonio.scala@oralscience.eu','1969-10-04','Michele Boldrin Presidente Nazionale - Carlo Maria Pinardi Presidente Regionale Lombardia','','',''),(119523,'manuela','popolizio','manuela.popolizio@finestrino.it','1961-09-07','Michele Boldrin','','',''),(119566,'Pilar','Saavedra','pilarsaavedra.p@gmail.com','1975-10-29','Michele Boldrin','','',''),(119587,'Marcello','Delucca','marcellodelucca@hotmail.com','1953-06-26','Michele Boldrin presidente nazionale Stefano Santorum presidente Trentino Sudtirolo','','',''),(119840,'Angela','Imparato','angelimparato@gmail.com','1976-04-28','Angelo Boccolini','','',''),(119843,'achille','benigni','a.benigni@gmail.com','1967-07-19','non supporto alcuna candidatura','','',''),(119900,'Mario','Amoroso','mamoroso@gop.it','1950-08-28','Riccardo Gallo','','',''),(119901,'Silvia','Graziani','silgraziani@libero.it','1980-01-31','Alessandro Stecconi','','',''),(120067,'Stefano','Germani','s.germani@itronik.it','1967-03-25','Roberto Italia e Filippo Paccagnella','','',''),(120279,'Daniele','Parata','pardan@alice.it','1962-03-29','Luigi Pirozzi','','',''),(120286,'jacopo','cal• carducci','jacopo@calocarducci.it','1962-06-07','Paolo Parrini','','',''),(120415,'Matteo','Negrini','mat.negrini@gmail.com','1965-09-14','Michele Boldrin','','',''),(120458,'SILVIO','PARENTE','silvio.parente@svimer.it','1957-04-30','michele boldrin','','',''),(120510,'Pier Angelo','Bellini','p.bellini@edilstradegroup.it','1959-05-14','Fulvia Ugetti','','',''),(120513,'Mario','Ottiglio','mario.ottiglio@gmail.com','1980-09-20','','','',''),(120544,'PIETRO','MENICHINI','bgcmenic@tin.it','1962-02-27','MICHELE BOLDRIN','','',''),(120664,'Mauro','Pascali','mauropascali@libero.it','1959-06-18','Michele Boldrin','','',''),(120782,'giandomenico','beri','gberi@iol.it','1959-11-19','Roberto Italia','','',''),(120786,'Francesco','Chiarappa','avv.chiarappa@libero.it','1981-12-07','Michele Boldrin (Presidente Nazionale), Fabio Pietrogiovanni (Presidenza Puglia)','','',''),(120882,'Pier Luigi','Piras','sapedraniedda@tiscali.it','1961-06-21','Franco Turco (Presidente Regionale Sardegna)','','',''),(120994,'Paolo','Parrini','pparrini@pluraleurope.net','1962-03-01','','','',''),(121198,'Claudio','Buttazzoni','cbuttazzoni@maggioli.it','1954-10-30','Gian Paolo Elia','','',''),(121447,'GIOVANNI','TORRI','johntowers@libero.it','1965-05-27','Roberto Italia','','',''),(121551,'Andrea','Valigi','andrea.valigi@gmail.com','1969-08-19','','','',''),(121896,'Alfonso','Distaso','alfonso.distaso@studiodistaso.com','1960-02-12','Roberto Italia','','',''),(122027,'Loris','Belle\'','studiobelle@tin.it','1968-04-05','MICHELE BOLDRIN','','',''),(122310,'Marco','Sabbatucci','sabbatucci.marco@gmail.com','1958-05-15','Michele Boldrin','','',''),(122403,'Giovanni','Nappi','egong@hotmail.it','1985-06-24','MIchele Boldrin','','',''),(122481,'giorgio','bresciani','gio.bre@gmail.com','1976-09-20','Michele Boldrin','','',''),(122658,'Marco','Del Corno','marco@delcorno.it','1970-08-09','Michele Boldrin','','',''),(122667,'Corrado','Saugo','arch.saugo@telemar.it','1951-06-30','Filippo Franceschetto','','',''),(122883,'Riccardo','Pizzorno','r.pizzorno@nmw.it','1956-01-20','Roberto Italia','','',''),(123030,'Lucio','Gomiero','lgomiero@libero.it','1963-12-01','Riccardo Gallo o Michele Boldrin','','',''),(123082,'valeria','viara','valeria.viara@libero.it','1982-08-14','Roberto Italia','','',''),(123189,'CINZIA','RENZI','cinziarenzi2@gmail.com','1960-10-18','ROBERTO ITALIA AL NAZIONALE E GIOVANNI BELLOFIORE NEL LAZIO','','',''),(123597,'Paola','Giacomin','paolagiacomin@gmail.com','1966-11-24','Michele Boldrin','','',''),(123901,'CARLO RUFO','SPINA','carlorufospina@gmail.com','1982-05-11','FULVIA UGETTI','','',''),(123958,'Giampaolo','Elia','elia@coia.it','1979-11-18','','','',''),(124081,'Giorgio','Fornasier','giorgio.fornasier@fastwebnet.it','1964-07-18','','','',''),(124110,'Marco Maria','Boria','marcomaria.boria@gmail.com','1964-08-13','Boldrin - Pinardi','','',''),(124480,'claudio','nonna','claudio.nonna@azimut.it','1971-09-21','','','',''),(124504,'Massimo','Giuliani','mxgiuliani@gmail.com','1951-10-31','','','',''),(124640,'Luciano','Faga','Luciano.faga@faga-partners.it','1954-01-07','Boldrin','','',''),(124672,'Giorgio','Repetto','giorgio.rep@libero.it','1961-07-29','Roberto italia','','',''),(125147,'ANTONIO','SCALIA','antonio.scalia@mixernet.it','1961-09-06','','','',''),(125171,'Nicola','Serragiotto','nicola@serragiotto.com','1973-03-02','Michele Boldrin','','',''),(125233,'Leonardo','Teatini','info@leonardoteatini.it','1973-06-09','Michele Boldrin, Ezio Bussoletti (Direzione Nazionale), Andrea Piedimonte Bodini (Presidenza Lazio)','','',''),(125471,'carlo','boninsegna','carloboninsegna@gmail.com','1946-02-27','Roberto Italia al Nazionale e Gianni Torri al Regionale','','',''),(125477,'Massimo','ALLEGRO','massimo2@massimoallegro.it','1957-08-30','','','',''),(126445,'Mattia','Franch','mattia.franch.91@gmail.com','1991-11-08','Stefano Santorum','','',''),(126569,'Roberto','Salis','roberto.salis@alice.it','1959-10-26','Michele Boldrin','','',''),(126676,'Carlo','Pradissitto','carlopradissitto@gmail.com','1974-11-14','Michele Boldrin','','',''),(126839,'Lucio','Fariano','luciof@libero.it','1967-09-13','Alberto Santacroce','','',''),(127017,'Marco','Locati','marco.locati@gmail.com','1960-01-01','Roberto Italia','','',''),(127042,'Plinio','PERIN','0422809070@iol.it','1963-12-14','Michele Boldrin - Luigi Grillo','','',''),(127220,'CRISTINA','ARZENTON','c.arzenton@gmail.com','1964-11-17','ROBERTO ITALIA','','',''),(127401,'alberto','carlini','alberto.carlini@acxelera.com','1969-08-25','Roberto Italia','','',' '),(127578,'VALENTINA','PIGNATA','valentina.pignata@virgilio.it','1971-11-12','MICHELE BOLDRIN','','',''),(127680,'Frederic','Gebhard','frederic.gebhard@gmail.com','1980-07-15','MICHELE BOLDRIN & CARLO MARIA PINARDI','','',''),(128236,'ALESSANDRA','GODONE','gale1974@libero.it','1974-05-01','Fulvio Graziotto','','',''),(128289,'Paolo Alberto','Casadio','acasadio@pacage.it','1961-07-31','Roberto Italia','','',''),(128451,'gian luca','rossi','gianluca.rossi@allianzbank.it','1953-09-13','Michele Boldrin Nazionale - Francesco Bini Verona Regionale','','',''),(128488,'GIUSEPPINA','PESCE','giusi.pesce@studiocfp.it','1957-11-14','Roberto Italia','','',''),(128840,'luca','de giorgi','mail@lucadegiorgi.it','1971-10-12','Roberto Italia','','',''),(130409,'Giorgio','Marchetti','mquater@libero.it','1971-01-30','','','',''),(130718,'Roberto','Franza','franza@franzafasciolodesign.com','1949-07-08','Roberto Italia','','',''),(131013,'Daniele','Zamboni','zdan@libero.it','1952-03-28','Italia Roberto Pres.Naz., Torri Pres.Reg.Lomb.','','',''),(131165,'Angelo','Boccolini','angelo_boccolini@libero.it','1945-01-06','','','',''),(131420,'Flavio','Minari','flavio.minari@cheleo.it','1955-11-13','Roberto italia','','',''),(131538,'Giovanni','Bianco','g.bianco@awn.it','1967-07-23','Paolo Parrini','','',''),(131831,'Luisa','Tomasi','luisatomasi@studionesler.it','1962-07-01','Roberto Italia (Nazionale) Stefano Santorum (Trentino Alto Adige)','','',''),(131878,'Stefano','Veraldi','stefanoveraldi@hotmail.it','1974-11-22','Sergio Allevato','','',''),(132172,'rocco gerardo','lovero','loverorocco@libero.it','1955-10-18','','','',''),(132916,'Daniela','D\'Agostino','danieladago15@gmail.com','1958-07-27','','','',''),(133011,'Francesco','Trimboli','ftrimboli@hotmail.it','1972-07-11','Roberto Italia','','',''),(133261,'Francesco','Negri','fra.negri71@gmail.com','1971-12-29','Roberto Italia','','',''),(133275,'Claudio','Morandin','cmorandi@tin.it','1962-04-16','Michele Boldrin - Luigi Grillo','','',''),(133598,'Giampietro','Falsiroli','gfalsiroli@hotmail.com','1977-11-05','Michele Boldrin Filippo Franceschetto','','',''),(133652,'Carlo','Brancati','carlo.brancati@serviziopubblico.it','1978-02-15','Michele Boldrin','','',''),(133661,'Roberto','Troncon','tronconroberto@gmail.com','1963-08-25','MICHELE BOLDRIN presidenza nazionale STEFANO SANTORUM presidenza regionale','','',''),(134050,'Giuseppe','Sannazzaro','g.sannazzaro@libero.it','1962-08-26','Corrado Griffa','','',''),(134296,'Paolo','Lucciola','paolo.lucciola@gmail.com','1973-11-12','Michele Boldrin al Nazionale - Andrea Piedimonte alla Regione Lazio','','',''),(134516,'Andrea','Ferrari','agfiba@iol.it','1959-05-17','Michele Boldrin, Fabio Pietrogiovanni','','',''),(134663,'Corrado','GRIFFA','corrado.griffa@yahoo.it','1955-05-30','Roberto ITALIA presidente nazionale','','',''),(134729,'Andrea','Zulli','andrea.zulli@nortonrose.com','1974-05-10','Roberto Italia - Fare Per Unire','','',''),(135461,'Adriano','Bilardi','adrianobilardi@gmail.com','1957-03-30','Roberto Italia','','',''),(135521,'LUCA','LUDOVICO','LUCA.LUDOVICO@STUDIOLUDOVICO.IT','1980-04-30','Roberto Italia','','',''),(135863,'CARLA','LONGO VASCHETTO','longovas_1@alice.it','1950-04-08','franco Bocchini','','',''),(135961,'laura','santagada','laura@studiosantagada.it','1963-09-13','Roberto Italia','','',''),(136152,'Italo','Caproni di Taliedo','icaproni@hotmail.com','1973-10-31','','','',''),(136268,'ATTILIO','OLIVIERI','a.olivieri@univpm.it','1954-09-29','Michele Boldrin','','',''),(136477,'Alessandro','Neri','alessandro.neri@libero.it','1975-03-03','MICHELE BOLDRIN','','',''),(136612,'Ambra','Poggi','ambra_poggi@yahoo.com','1975-10-25','Michele Boldrin','','',''),(137370,'Stefano','Zacchi','stefano.zacchi@gmail.com','1967-05-07','Michele Boldrin','','',''),(137428,'Milo','Patruno','milo.patruno@gmail.com','1978-03-22','','','',''),(137442,'alfonso','scapin','scapin.alfonso@gmail.com','1966-07-30','roberto italia','','',''),(137471,'Massimo','Di Fonzo','ingmassimodifonzo@gmail.com','1970-02-02','Fulvia Ugetti','','',''),(137824,'Ruggero','Aric•','aricoruggero@hotmail.com','1977-10-21','Antonio Scalia (presidenza Sicilia)','','',''),(137868,'pietro','sganzerla','pisganze@gmail.com','1963-07-23','ROBERTO ITALIA NAZIONALE GIANNI TORRI REGIONALE','','',''),(138028,'Alix','Grazioli','alixgrazioli@gmail.com','1979-01-26','Michele Boldrin','','',''),(138072,'dario','gattinoni','dario.gattinoni@studiogattinoni.com','1951-07-16','Michele Boldrin presidente nazionale - carlo maria Pinardi presidente regione lombardia','','',''),(138907,'STEFANIA','DI PERNA','stefaniadiperna@alice.it','1955-12-20','Luigi Pirozzi','','',''),(139682,'Michele Simone','Corbo','michele77crb@libero.it','1977-10-15','Roberto Italia','','',''),(140017,'Goffredo','Ghezzi','ghego13@libero.it','1951-05-13','','','',''),(140043,'Emanuele','Cristelli','emanuele.cristelli@libero.it','1995-02-08','Sergio Allevato','','',''),(140145,'Riccardo','Marzi','rmarzi2@gmail.com','1972-07-31','','','',''),(140182,'Claudia','Serio','serio.claudia@gmail.com','1968-03-13','Michele Boldrin','','',''),(140748,'Marina','Tomasi','marina@mattivisrl.it','1960-06-26','Stefano Santorum','','',''),(141024,'emiliano','rocco','er.dequalitate@tin.it','1968-05-12','MICHELE BOLDRIN','','',''),(141930,'Nicoletta Maria','Casini','nicoletta.maria.casini@gmail.com','1967-09-29','Michele Boldrin','','',''),(142427,'Roberto','Promutico','roberto.promutico@yahoo.it','1954-12-10','Roberto Italia- Presidente Nazionale Corrado Griffa - Presidente Regionale','','',''),(142604,'Domenico','Mininni','dome.mininni@gmail.com','1989-03-25','','','',''),(142874,'Salvatore','Carpita','salvatorecarpita@hotmail.com','1976-11-23','Per il momento non supporto alcuna candidatura','','',''),(143197,'FABIO GUIDO','PAZZINI','fabioguidopazzini@gmail.com','1964-11-07','Roberto Italia','','',''),(143600,'Innocenzo','Genna','inno@innogenna.it','1966-06-21','','','',''),(145038,'Davide','Corso','dcorso@waycom.it','1980-05-30','Michele Boldrin','','',''),(147501,'Vincenzo','De Donno','vdedo@libero.it','1964-09-06','Gianni Buccarella','','',''),(148330,'Maria tiziana','Frongia','tizianafrongia@gmail.com','1951-09-08','roberto italia','','',''),(148501,'Pietro','Greco','pie_gre@yahoo.it','1979-06-10','Sergio Allevato','','',''),(149370,'Raffaele','Minieri','raffaele.minieri@libero.it','1986-04-09','Angelo Boccolini','','',''),(149821,'Roberto','Gambelli','Roberto.Gambelli@GruppoSID.com','1970-09-23','Michele Boldrin (Nazionale), Roberta Crescentini (Regione Marche)','','',''),(150502,'Alessandro','Flaminio','afparrucchieri@alice.it','1974-08-17','Michele Boldrin','','',''),(150975,'Andrea','Bonetti','bluesky87@hotmail.it','1987-07-02','Stefano Santorum (Trentino Alto Adige) e Michele Boldrin (Nazionale)','','',''),(151285,'Carlo','Pantanella','carlo.pantanella@gmail.com','1956-10-08','Michele Boldrin','','',''),(151771,'Frank','D\'Addario','fdaddario@alice.it','1972-08-23','Michele Fanelli','','',''),(152062,'GIORGIO','LIMONTA','giorgio.limonta@mlstudio.it','1956-03-28','GIANNI TORRI','','',''),(152073,'Giuliano','Velluzzi','giuliano.velluzzi@gmail.com','1969-04-28','michele boldrin','','',''),(152808,'Corinna','Marzi','corinna.marzi@studiomarzi.it','1971-05-04','Michele Boldrin alla PN, Andrea Piedimonte alla PR','','',''),(153084,'andrea','aru','dottandreaaru_3@libero.it','1978-11-30','roberto italia','','',''),(153316,'Giuseppe','Arlotta','bepparl@libero.it','1970-06-08','Nazionale: Boldrin Regionale: Consigli','','',''),(153464,'giuseppe','cipriano','cipriano@gragnani.com','1957-09-06','Michele Boldrin','','',''),(153597,'selina','grasso','seligrasso@libero.it','1962-07-15','Roberto Italia','','',''),(154806,'Michele','Fanelli','management@studiomichelefanelli.it','1964-11-18','Prof. Michele Boldrin','','',''),(155047,'Massimiliano','Bertini','deusmax@tin.it','1971-02-13','Michele Boldrin','','',''),(155410,'Anna Maria','Costalunga','amcostalunga@gmail.com','1960-12-16','Roberto Italia (Nazionale), Filippo Franceschetto (Regione Veneto)','','',''),(155769,'rosamaria','baiamonte','rosamariabaiamonte@alice.it','1956-11-20','Roberto Italia','','',''),(156820,'Mauro','Luciani','ing.mauro.luciani@hotmail.it','1982-03-29','Michele Boldrin (Presidente Nazionale)','','',''),(158836,'Stefano','Cevasco','Stefano.Cevasco1971@libero.it','1971-03-29','Federico Diomeda','','',''),(159495,'Sergio','Tieri','sergio.tieri@gmail.com','1967-09-06','','','',''),(159711,'Vincenzo','Monina','vincenzo.monina@gmail.com','1981-03-14','Michele Boldrin','','',''),(160314,'Franco','Tiveron','franco.tiveron@gmail.com','1966-12-23','Michele Boldrin','','',''),(161898,'Stefano','Gatti','stefano.gatti@rocketmail.com','1965-02-21','Roberto Italia','','',''),(162980,'Vincenzo','Mancusi','vincenzo.mancusi@email.it','1979-06-29','','','',''),(163041,'Leonardo','Bettinardi','leonardo.bettinardi@gmail.com','1978-02-24','Roberto Italia','','',''),(165152,'Mario','Trabucco','mtrabuccodellatorretta@gmail.com','1980-06-06','Michele Boldrin presidente nazionale; Antonio Scalia presidente regionale','','',''),(165203,'Andrea','Peinetti','andy@netweb.it','1962-02-17','Alberto Santacroce','','',''),(165208,'Daniele','Corticelli','daniele.corticelli@gmail.com','1973-10-24','Roberto Italia','','',''),(165339,'guido','seminati','guidoseminati@gmail.com','1972-03-26','Michele Boldrin','','',''),(165952,'Massimo','Lucii','massimo@studiolucii.it','1960-07-17','Michele Boldrin','','',''),(166429,'Fabrizio','Buillet','coumbafreide@gmail.com','1952-03-12','Roberto Italia','','',''),(167668,'CAMILLO','DI BIASE','dibiasecamillo@alice.it','1951-01-12','','','',''),(169818,'FRANCESCO','IANNICIELLO','IANNIFRANCO@LIBERO.IT','1975-07-18','','','',''),(169912,'Silvana','Di Franco','s.difranco@hotmail.it','1957-11-30','Michele Boldrin','','',''),(170015,'telesforo','innocenti','innocenti.sr@gmail.com','1965-09-22','','','',''),(170130,'Giorgio','Popolano','gpopolano@tiscali.it','1956-04-22','','','',''),(170353,'Matteo','Pinaroli','matteopinaroli@yahoo.it','1975-07-01','','','',''),(171521,'Umberto Mario','Sconfienza','sconfumberto@gmail.com','1987-04-17','Michele Boldrin','','',''),(171570,'Sara','Lembo','araslembo@yahoo.it','1980-01-04','','','',''),(171697,'Carmelo','Capone','carmelo_capone@libero.it','1964-03-28','','','',''),(173147,'Giuseppe','Pilato','xarion79@yahoo.it','1979-09-18','Angelo Boccolini','','',''),(173461,'Luana','Cestari','luanacestari@me.com','1971-06-17','Roberto Italia','','',''),(173535,'Valerio','Polidori','polidori@progettoforma.org','1977-02-24','Michele Boldrin','','',''),(173749,'antonio','russo','russo.tonino@libero.it','1954-03-13','','','',''),(173903,'EMANUELE','DI NAPOLI','edn975@gmail.com','1975-05-01','','','',''),(174008,'Michele','Callovi','michele.callovi@hotmail.it','1978-02-09','Michele Boldrin','','',''),(174306,'Giovanni','MILONE','giovannimilone@libero.it','1968-09-18','Roberto ITALIA per la presidenza nazionale e Gianni Buccarella per la presidenza regione puglia','','',''),(174491,'Alessio','Santoro','apocaliv@hotmail.com','1990-08-07','Michele Boldrin','','',''),(174584,'aniello','aliberti','aliberti@technix.it','1957-10-29','roberto italia e giovanni torri','','',''),(174621,'Arturo','Marino','ARTURO1909@LIBERO.IT','1968-11-15','Filippo Franceschetto','','',''),(175154,'Fabio','Beretta','fabiodrberetta@gmail.com','1974-06-17','Michele Boldrin','','',''),(175577,'Eleonora','Grimaldi','eleagrimaldi@yahoo.it','1968-03-17','Roberto Italia','','',''),(175619,'Carlo','Maria Pinardi','pinardicm@gmail.com','1957-12-11','Michele Boldrin','','',''),(175940,'Nicolo\'','Vino','ennevino@gmail.com','1970-06-07','Michele Boldrin + Fabio Pietrogiovanni','','',''),(176284,'F. Fabio','Pietrogiovanni','info@pietregiovani.com','1979-08-07','Michele Boldrin','','',''),(176367,'pierfrancesco','fimiani','pierf67@libero.it','1967-03-23','MICHELE BOLDRIN','','',''),(176381,'Fulvio','Bestetti','fulvio.bestetti@teleindustria.it','1961-12-15','','','',''),(176477,'Antonio','Mazzone','a_mazzone@msn.com','1966-04-01','dott. Roberto Italia','','',''),(176612,'claudio','melchiorre','artmcloud@tiscali.it','1966-07-07','','','',''),(176613,'Daniele','Rositani','d.rositani@gmail.com','1985-07-29','Roberto Italia','','',''),(176648,'Piero','Messina','messina.piero@gmail.com','1964-12-31','','','',''),(176804,'Rosario','Cristiano','riosa@inwind.it','1977-12-17','Michele Boldrin','','','');
/*!40000 ALTER TABLE `poll_candidates` ENABLE KEYS */;
UNLOCK TABLES;

--
-- Table structure for table `poll_polls`
--

DROP TABLE IF EXISTS `poll_polls`;
/*!40101 SET @saved_cs_client     = @@character_set_client */;
/*!40101 SET character_set_client = utf8 */;
CREATE TABLE `poll_polls` (
  `id` int(10) unsigned NOT NULL AUTO_INCREMENT,
  `start_date` datetime NOT NULL,
  `end_date` datetime NOT NULL,
  `name` varchar(100) NOT NULL,
  `description` varchar(250) NOT NULL,
  `seats` int(10) unsigned NOT NULL,
  `secret_ballot` tinyint(1) unsigned NOT NULL DEFAULT '0',
  `is_debug` tinyint(3) unsigned NOT NULL DEFAULT '0',
  `position` int(10) unsigned NOT NULL DEFAULT '0',
  `provinces` varchar(100) NOT NULL,
  `mail_sent` int(10) unsigned NOT NULL DEFAULT '0',
  PRIMARY KEY (`id`)
) ENGINE=InnoDB AUTO_INCREMENT=8744 DEFAULT CHARSET=utf8 ROW_FORMAT=COMPRESSED;
/*!40101 SET character_set_client = @saved_cs_client */;

--
-- Dumping data for table `poll_polls`
--

LOCK TABLES `poll_polls` WRITE;
/*!40000 ALTER TABLE `poll_polls` DISABLE KEYS */;
INSERT INTO `poll_polls` VALUES (8646,'2013-05-05 10:00:00','2013-05-07 13:00:00','Delegato Abruzzo','Delegati al congresso nazionale dell\'11-12 maggio',2,1,0,1,'AQ,TE,PE,CH',0),(8647,'2013-05-05 10:00:00','2013-05-07 13:00:00','Delegato Basilicata','Delegati al congresso nazionale dell\'11-12 maggio',1,1,0,1,'PZ,MT',0),(8648,'2013-05-05 10:00:00','2013-05-07 13:00:00','Delegato Calabria','Delegati al congresso nazionale dell\'11-12 maggio',2,1,0,1,'CS,CZ,RC,KR,VV',0),(8649,'2013-05-05 10:00:00','2013-05-07 13:00:00','Delegato Campania','Delegati al congresso nazionale dell\'11-12 maggio',6,1,0,1,'CE,BN,NA,AV,SA',0),(8651,'2013-05-05 13:00:00','2013-05-07 13:00:00','Delegato Friuli Venezia Giulia','Delegati al congresso nazionale dell\'11-12 maggio',2,1,0,1,'UD,GO,TS,PN',0),(8653,'2013-05-05 10:00:00','2013-05-07 13:00:00','Delegato Liguria','Delegati al congresso nazionale dell\'11-12 maggio',3,1,0,1,'IM,SV,GE,SP',0),(8655,'2013-05-05 10:00:00','2013-05-07 13:00:00','Delegato Marche','Delegati al congresso nazionale dell\'11-12 maggio',2,1,0,1,'PU,AN,MC,AP,FM',0),(8656,'2013-05-05 10:00:00','2013-05-07 13:00:00','Delegato Molise','Delegati al congresso nazionale dell\'11-12 maggio',1,1,0,1,'CB,IS',0),(8658,'2013-05-05 10:00:00','2013-05-07 13:00:00','Delegato Puglia','Delegati al congresso nazionale dell\'11-12 maggio',4,1,0,1,'FG,BA,TA,BR,LE,BT',0),(8659,'2013-05-05 10:00:00','2013-05-07 13:00:00','Delegato Sardegna','Delegati al congresso nazionale dell\'11-12 maggio',2,1,0,1,'SS,NU,CA,OR,OT,OG,VS,CI',0),(8660,'2013-05-05 10:00:00','2013-05-07 13:00:00','Delegato Sicilia','Delegati al congresso nazionale dell\'11-12 maggio',5,1,0,1,'TP,PA,ME,AG,CL,EN,CT,RG,SR',0),(8661,'2013-05-05 10:00:00','2013-05-07 13:00:00','Delegato Toscana','Delegati al congresso nazionale dell\'11-12 maggio',6,1,0,1,'MS,LU,PT,FI,LI,PI,AR,SI,GR,PO',0),(8662,'2013-05-05 10:00:00','2013-05-07 13:00:00','Delegato Trentino Alto Adige','Delegati al congresso nazionale dell\'11-12 maggio',2,1,0,1,'BZ,TN',0),(8663,'2013-05-05 10:00:00','2013-05-07 13:00:00','Delegato Umbria','Delegati al congresso nazionale dell\'11-12 maggio',1,1,0,1,'PG,TR',0),(8665,'2013-05-05 10:00:00','2013-05-07 13:00:00','Delegato Estero ','Delegati al congresso - fuori dall\'italia',2,1,0,1,'EE',0),(8686,'2013-05-05 10:00:00','2013-05-07 13:00:00','Presidenza Abruzzo','Scegli il Presidente del coordinamento regionale',1,1,0,2,'AQ,TE,PE,CH',0),(8687,'2013-05-05 10:00:00','2013-05-07 13:00:00','Presidenza Basilicata','Scegli il Presidente del coordinamento regionale',1,1,0,2,'PZ,MT',0),(8688,'2013-05-05 10:00:00','2013-05-07 13:00:00','Presidenza Calabria','Scegli il Presidente del coordinamento regionale',1,1,0,2,'CS,CZ,RC,KR,VV',0),(8689,'2013-05-05 10:00:00','2013-05-07 13:00:00','Presidenza Campania','Scegli il Presidente del coordinamento regionale',1,1,0,2,'CE,BN,NA,AV,SA',0),(8690,'2013-05-05 10:00:00','2013-05-07 13:00:00','Presidenza Emilia Romagna','Scegli il Presidente del coordinamento regionale',1,1,0,2,'PC,PR,RE,MO,BO,FE,RA,FC,RN',0),(8691,'2013-05-05 13:00:00','2013-05-07 13:00:00','Presidenza Friuli Venezia Giulia','Scegli il Presidente del coordinamento regionale',1,1,0,2,'UD,GO,TS,PN',0),(8692,'2013-05-05 10:00:00','2013-05-07 13:00:00','Presidenza Lazio','Scegli il Presidente del coordinamento regionale',1,1,0,2,'VT,RI,RM,LT,FR',0),(8693,'2013-05-05 10:00:00','2013-05-07 13:00:00','Presidenza Liguria','Scegli il Presidente del coordinamento regionale',1,1,0,2,'IM,SV,GE,SP',0),(8694,'2013-05-05 16:00:00','2013-05-07 13:00:00','Presidenza Lombardia','Scegli il Presidente del coordinamento regionale',1,1,0,2,'VA,CO,SO,MI,BG,BS,PV,CR,MN,LC,LO,MB',0),(8695,'2013-05-05 10:00:00','2013-05-07 13:00:00','Presidenza Marche','Scegli il Presidente del coordinamento regionale',1,1,0,2,'PU,AN,MC,AP,FM',0),(8696,'2013-05-05 10:00:00','2013-05-07 13:00:00','Presidenza Molise','Scegli il Presidente del coordinamento regionale',1,1,0,2,'CB,IS',0),(8697,'2013-05-05 13:00:00','2013-05-07 13:00:00','Presidenza Piemonte','Scegli il Presidente del coordinamento regionale',1,1,0,2,'TO,VC,NO,CN,AT,AL,BI,VB',0),(8698,'2013-05-05 10:00:00','2013-05-07 13:00:00','Presidenza Puglia','Scegli il Presidente del coordinamento regionale',1,1,0,2,'FG,BA,TA,BR,LE,BT',0),(8699,'2013-05-05 10:00:00','2013-05-07 13:00:00','Presidenza Sardegna','Scegli il Presidente del coordinamento regionale',1,1,0,2,'SS,NU,CA,OR,OT,OG,VS,CI',0),(8700,'2013-05-05 10:00:00','2013-05-07 13:00:00','Presidenza Sicilia','Scegli il Presidente del coordinamento regionale',1,1,0,2,'TP,PA,ME,AG,CL,EN,CT,RG,SR',0),(8701,'2013-05-05 10:00:00','2013-05-07 13:00:00','Presidenza Toscana','Scegli il Presidente del coordinamento regionale',1,1,0,2,'MS,LU,PT,FI,LI,PI,AR,SI,GR,PO',0),(8702,'2013-05-05 10:00:00','2013-05-07 13:00:00','Presidenza Trentino Alto Adige','Scegli il Presidente del coordinamento regionale',1,1,0,2,'BZ,TN',0),(8703,'2013-05-05 10:00:00','2013-05-07 13:00:00','Presidenza Umbria','Scegli il Presidente del coordinamento regionale',1,1,0,2,'PG,TR',0),(8704,'2013-05-05 13:00:00','2013-05-07 13:00:00','Presidenza Veneto','Scegli il Presidente del coordinamento regionale',1,1,0,2,'VR,VI,BL,TV,VE,PD,RO',0),(8705,'2013-05-05 10:00:00','2013-05-07 13:00:00','Presidenza Estero ','Coordinamento fuori dall\'italia',1,1,0,2,'EE',0),(8706,'2013-05-05 10:00:00','2013-05-07 13:00:00','Presidenza Valle D\'aosta','Presidente del coordinamento regionale',1,1,0,2,'AO',0),(8707,'2013-05-05 10:00:00','2013-05-07 13:00:00','Delegato Valle D\'Aosta','Delegati al congresso nazionale dell\'11-12 maggio',1,1,0,1,'AO',0),(8709,'2013-05-05 10:00:00','2013-05-07 13:00:00','Direzione Abruzzo','Scegli il direttivo della tua regione',4,1,0,3,'AQ,TE,PE,CH',0),(8710,'2013-05-05 10:00:00','2013-05-07 13:00:00','Direzione Basilicata','Scegli il direttivo della tua regione',4,1,0,3,'PZ,MT',0),(8711,'2013-05-05 10:00:00','2013-05-07 13:00:00','Direzione Calabria','Scegli il direttivo della tua regione',4,1,0,3,'CS,CZ,RC,KR,VV',0),(8712,'2013-05-05 10:00:00','2013-05-07 13:00:00','Direzione Campania','Scegli il direttivo della tua regione',4,1,0,3,'CE,BN,NA,AV,SA',0),(8713,'2013-05-05 10:00:00','2013-05-07 13:00:00','Direzione Emilia Romagna','Scegli il direttivo della tua regione',6,1,0,3,'PC,PR,RE,MO,BO,FE,RA,FC,RN',0),(8714,'2013-05-06 00:00:00','2013-05-07 13:00:00','Direzione Estero ','Scegli il direttivo fuori dall\'italia',2,1,0,3,'EE',0),(8715,'2013-05-05 10:00:00','2013-05-07 13:00:00','Direzione Friuli Venezia Giulia','Scegli il direttivo della tua regione',4,1,0,3,'UD,GO,TS,PN',0),(8716,'2013-05-05 10:00:00','2013-05-07 13:00:00','Direzione Lazio','Scegli il direttivo della tua regione',6,1,0,3,'VT,RI,RM,LT,FR',0),(8717,'2013-05-05 10:00:00','2013-05-07 13:00:00','Direzione Liguria','Scegli il direttivo della tua regione',4,1,0,3,'IM,SV,GE,SP',0),(8718,'2013-05-05 16:00:00','2013-05-07 13:00:00','Direzione Lombardia','Scegli il direttivo della tua regione',6,1,0,3,'VA,CO,SO,MI,BG,BS,PV,CR,MN,LC,LO,MB',0),(8719,'2013-05-05 10:00:00','2013-05-07 13:00:00','Direzione Marche','Scegli il direttivo della tua regione',4,1,0,3,'PU,AN,MC,AP,FM',0),(8720,'2013-05-05 10:00:00','2013-05-07 13:00:00','Direzione Molise','Scegli il direttivo della tua regione',4,1,0,3,'CB,IS',0),(8721,'2013-05-05 10:00:00','2013-05-07 13:00:00','Direzione Piemonte','Scegli il direttivo della tua regione',6,1,0,3,'TO,VC,NO,CN,AT,AL,BI,VB',0),(8722,'2013-05-05 10:00:00','2013-05-07 13:00:00','Direzione Puglia','Scegli il direttivo della tua regione',4,1,0,3,'FG,BA,TA,BR,LE,BT',0),(8723,'2013-05-05 10:00:00','2013-05-07 13:00:00','Direzione Sardegna','Scegli il direttivo della tua regione',4,1,0,3,'SS,NU,CA,OR,OT,OG,VS,CI',0),(8724,'2013-05-05 10:00:00','2013-05-07 13:00:00','Direzione Sicilia','Scegli il direttivo della tua regione',4,1,0,3,'TP,PA,ME,AG,CL,EN,CT,RG,SR',0),(8725,'2013-05-05 10:00:00','2013-05-07 13:00:00','Direzione Toscana','Scegli il direttivo della tua regione',4,1,0,3,'MS,LU,PT,FI,LI,PI,AR,SI,GR,PO',0),(8726,'2013-05-05 10:00:00','2013-05-07 13:00:00','Direzione Trentino Alto Adige','Scegli il direttivo della tua regione',4,1,0,3,'BZ,TN',0),(8727,'2013-05-05 10:00:00','2013-05-07 13:00:00','Direzione Umbria','Scegli il direttivo della tua regione',4,1,0,3,'PG,TR',0),(8728,'2013-05-05 10:00:00','2013-05-07 13:00:00','Direzione Valle D\'Aosta','Scegli il direttivo della tua regione',4,1,0,3,'AO',0),(8729,'2013-05-05 10:00:00','2013-05-07 13:00:00','Direzione Veneto','Scegli il direttivo della tua regione',6,1,0,3,'VR,VI,BL,TV,VE,PD,RO',0),(8731,'2013-05-05 13:00:00','2013-05-07 13:00:00','Delegato Torino','Delegati al congresso nazionale dell\'11-12 maggio',4,1,0,1,'TO',0),(8732,'2013-05-05 13:00:00','2013-05-07 13:00:00','Delegato Alessandria; Asti; Biella; Cuneo; Novara; Verbano-Cusio-Ossola; Vercelli','Delegati al congresso nazionale dell\'11-12 maggio',4,1,0,1,'VC,NO,CN,AT,AL,BI,VB',0),(8733,'2013-05-05 16:00:00','2013-05-07 13:00:00','Delegato Milano','Delegati al congresso nazionale dell\'11-12 maggio',7,1,0,1,'MI',0),(8734,'2013-05-05 16:00:00','2013-05-07 13:00:00','Delegato Varese; Monza-Brianza; Como; Lecco; Sondrio','Delegati al congresso nazionale dell\'11-12 maggio',6,1,0,1,'VA,MB,CO,LC,SO',0),(8735,'2013-05-05 16:00:00','2013-05-07 13:00:00','Delegato Bergamo; Brescia','Delegati al congresso nazionale dell\'11-12 maggio',6,1,0,1,'BG,BS',0),(8736,'2013-05-05 16:00:00','2013-05-07 13:00:00','Delegato Pavia; Lodi; Cremona; Mantova','Delegati al congresso nazionale dell\'11-12 maggio',3,1,0,1,'PV,LO,CR,MN',0),(8737,'2013-05-05 13:00:00','2013-05-07 13:00:00','Delegato Padova; Rovigo; Verona; Vicenza','Delegati al congresso nazionale dell\'11-12 maggio',7,1,0,1,'PD,RO,VR,VI',0),(8738,'2013-05-05 13:00:00','2013-05-07 13:00:00','Delegato Belluno; Treviso; Venezia','Delegati al congresso nazionale dell\'11-12 maggio',5,1,0,1,'BL,TV,VE',0),(8740,'2013-05-05 10:00:00','2013-05-07 13:00:00','Delegato Piacenza; Parma; Reggio Emilia e Modena','Delegati al congresso nazionale dell\'11-12 maggio',4,1,0,1,'PC,PR,RE,MO',0),(8741,'2013-05-05 10:00:00','2013-05-07 13:00:00','Delegato Bologna; Ferrara; Forl-Cesena; Ravenna; Rimini','Delegati al congresso nazionale dell\'11-12 maggio',4,1,0,1,'BO,FE,RA,FC,RN',0),(8742,'2013-05-05 10:00:00','2013-05-07 13:00:00','Delegato Roma','Delegati al congresso nazionale dell\'11-12 maggio',6,1,0,1,'RM',0),(8743,'2013-05-05 10:00:00','2013-05-07 13:00:00','Delegato Frosinone; Latina; Rieti; Viterbo','Delegati al congresso nazionale dell\'11-12 maggio',2,1,0,1,'FR,LT,RI,VT',0);
/*!40000 ALTER TABLE `poll_polls` ENABLE KEYS */;
UNLOCK TABLES;

--
-- Table structure for table `poll_polls_candidates`
--

DROP TABLE IF EXISTS `poll_polls_candidates`;
/*!40101 SET @saved_cs_client     = @@character_set_client */;
/*!40101 SET character_set_client = utf8 */;
CREATE TABLE `poll_polls_candidates` (
  `poll_id` int(10) unsigned NOT NULL,
  `candidate_id` int(10) unsigned NOT NULL,
  PRIMARY KEY (`poll_id`,`candidate_id`),
  KEY `candidates` (`candidate_id`),
  CONSTRAINT `candidates` FOREIGN KEY (`candidate_id`) REFERENCES `poll_candidates` (`id`),
  CONSTRAINT `polls` FOREIGN KEY (`poll_id`) REFERENCES `poll_polls` (`id`)
) ENGINE=InnoDB DEFAULT CHARSET=utf8;
/*!40101 SET character_set_client = @saved_cs_client */;

--
-- Dumping data for table `poll_polls_candidates`
--

LOCK TABLES `poll_polls_candidates` WRITE;
/*!40000 ALTER TABLE `poll_polls_candidates` DISABLE KEYS */;
INSERT INTO `poll_polls_candidates` VALUES (8717,65959),(8649,66028),(8733,66032),(8735,66044),(8660,66055),(8742,66086),(8738,66120),(8742,66123),(8661,66181),(8653,90593),(8719,90612),(8727,90624),(8717,90937),(8729,91048),(8733,91089),(8729,91152),(8665,91265),(8660,91597),(8724,91597),(8735,91659),(8737,92049),(8721,92084),(8711,92600),(8735,93082),(8665,93183),(8705,93183),(8661,93528),(8734,93618),(8742,93633),(8738,93770),(8728,93809),(8721,93991),(8733,94154),(8729,94255),(8737,94255),(8735,94331),(8721,94423),(8736,94585),(8713,94611),(8721,94741),(8648,94768),(8707,94849),(8728,94849),(8732,95184),(8695,95212),(8732,95766),(8661,96011),(8658,96066),(8722,96066),(8734,96599),(8709,96959),(8698,96988),(8722,96988),(8725,97196),(8733,97312),(8741,97430),(8718,97507),(8729,97979),(8648,98024),(8736,98087),(8718,98117),(8734,98117),(8717,98136),(8661,98265),(8662,98524),(8702,98524),(8726,98524),(8734,98554),(8716,98624),(8733,98979),(8699,99074),(8646,99105),(8686,99105),(8717,99303),(8716,99597),(8735,99680),(8735,99798),(8661,99869),(8705,99881),(8655,100027),(8719,100027),(8731,100054),(8734,100143),(8733,100351),(8733,100394),(8665,100557),(8705,100557),(8735,100590),(8737,100885),(8726,100904),(8709,101012),(8704,101144),(8736,101160),(8660,101326),(8724,101326),(8713,101337),(8741,101417),(8733,101495),(8649,101615),(8661,101919),(8649,101943),(8712,101943),(8725,102071),(8690,102115),(8713,102156),(8718,102230),(8734,102230),(8729,102365),(8738,102365),(8658,102372),(8718,102452),(8733,102452),(8737,102512),(8716,102621),(8725,102662),(8718,102674),(8733,102674),(8729,102708),(8722,102982),(8649,103030),(8729,103031),(8693,103378),(8715,103523),(8733,103692),(8718,103892),(8661,103978),(8653,104085),(8732,104115),(8717,104129),(8726,104220),(8737,104240),(8661,104251),(8715,104276),(8718,104423),(8740,104522),(8716,104523),(8729,104571),(8716,104626),(8686,104790),(8692,104827),(8661,104894),(8704,105075),(8651,105154),(8737,105170),(8655,105192),(8695,105192),(8719,105192),(8725,105197),(8658,105260),(8740,105369),(8716,105375),(8742,105375),(8743,105397),(8731,105590),(8733,105650),(8736,105739),(8646,105807),(8709,105807),(8665,105833),(8705,105913),(8706,105980),(8718,106244),(8736,106244),(8695,106272),(8719,106272),(8732,106692),(8701,106700),(8713,106839),(8688,106861),(8742,107061),(8709,107256),(8735,107316),(8737,108029),(8663,108639),(8740,108687),(8661,108792),(8721,108862),(8731,108862),(8709,108886),(8735,109019),(8725,109067),(8738,109126),(8734,109262),(8648,109277),(8658,109404),(8722,109404),(8740,109534),(8710,109685),(8729,109708),(8738,109708),(8713,109827),(8703,109867),(8655,109904),(8719,109904),(8653,110023),(8649,110030),(8653,110278),(8646,110319),(8709,110319),(8742,110324),(8658,110365),(8722,110365),(8705,110386),(8714,110386),(8704,110654),(8723,111238),(8723,111354),(8718,111485),(8734,111566),(8733,111791),(8737,112001),(8718,112172),(8735,112172),(8653,112211),(8716,112514),(8742,112514),(8722,112842),(8718,112963),(8649,113251),(8716,113343),(8659,113514),(8716,113781),(8742,113826),(8729,113879),(8737,113879),(8660,113901),(8663,113977),(8727,113977),(8655,114402),(8702,114691),(8734,114857),(8715,115206),(8660,115460),(8724,115460),(8733,115464),(8660,115685),(8724,115685),(8661,115742),(8721,115783),(8692,115899),(8661,116234),(8728,116455),(8738,116667),(8718,116899),(8716,117386),(8742,117457),(8665,117568),(8735,117572),(8712,117641),(8660,117649),(8712,117680),(8693,117794),(8729,117886),(8737,118074),(8716,118148),(8731,118186),(8723,118443),(8733,118564),(8713,118758),(8697,118810),(8729,118993),(8737,118993),(8734,119021),(8692,119075),(8742,119075),(8729,119132),(8649,119298),(8718,119493),(8735,119493),(8737,119523),(8656,119566),(8720,119566),(8662,119587),(8726,119587),(8712,119840),(8649,119843),(8716,119900),(8742,119900),(8719,119901),(8729,120067),(8737,120067),(8709,120279),(8725,120286),(8741,120415),(8649,120458),(8712,120458),(8713,120510),(8705,120513),(8743,120544),(8741,120664),(8734,120782),(8658,120786),(8722,120786),(8723,120882),(8701,120994),(8715,121198),(8694,121447),(8727,121551),(8738,121896),(8737,122027),(8742,122310),(8649,122403),(8689,122403),(8712,122403),(8718,122481),(8736,122481),(8735,122658),(8729,122667),(8732,122883),(8665,123030),(8742,123082),(8716,123189),(8738,123597),(8713,123901),(8691,123958),(8717,124081),(8718,124110),(8718,124480),(8736,124480),(8716,124504),(8716,124640),(8732,124672),(8700,125147),(8705,125171),(8716,125233),(8736,125471),(8717,125477),(8726,126445),(8659,126569),(8742,126676),(8721,126839),(8733,127017),(8729,127042),(8738,127042),(8738,127220),(8646,127401),(8738,127578),(8718,127680),(8717,128236),(8741,128289),(8725,128451),(8743,128488),(8660,128840),(8651,130409),(8732,130718),(8735,131013),(8689,131165),(8718,131420),(8725,131538),(8662,131831),(8726,131831),(8711,131878),(8658,132172),(8716,132916),(8648,133011),(8736,133261),(8729,133275),(8729,133598),(8648,133652),(8726,133661),(8721,134050),(8742,134296),(8658,134516),(8697,134663),(8733,134729),(8658,135461),(8722,135461),(8658,135521),(8722,135521),(8729,135863),(8737,135863),(8741,135961),(8726,136152),(8719,136268),(8734,136477),(8731,136612),(8740,137370),(8713,137428),(8737,137442),(8713,137471),(8724,137824),(8718,137868),(8736,137868),(8647,138028),(8718,138072),(8735,138072),(8709,138907),(8734,139682),(8717,140017),(8711,140043),(8705,140145),(8660,140182),(8724,140182),(8726,140748),(8696,141024),(8727,141930),(8721,142427),(8732,142427),(8665,142604),(8665,142874),(8705,142874),(8733,143197),(8705,143600),(8653,145038),(8722,147501),(8659,148330),(8711,148501),(8712,149370),(8655,149821),(8719,149821),(8718,150502),(8726,150975),(8742,151285),(8710,151771),(8718,152062),(8647,152073),(8710,152073),(8716,152808),(8659,153084),(8727,153316),(8725,153464),(8718,153597),(8647,154806),(8687,154806),(8710,154806),(8661,155047),(8737,155410),(8660,155769),(8724,155769),(8655,156820),(8717,158836),(8705,159495),(8714,159495),(8646,159711),(8705,160314),(8734,161898),(8710,162980),(8737,163041),(8660,165152),(8724,165152),(8721,165203),(8741,165208),(8718,165339),(8717,165952),(8707,166429),(8728,166429),(8709,167668),(8720,169818),(8660,169912),(8724,169912),(8724,170015),(8723,170130),(8718,170353),(8705,171521),(8656,171570),(8696,171570),(8720,171570),(8724,171697),(8712,173147),(8743,173461),(8742,173535),(8648,173749),(8688,173749),(8653,173903),(8729,174008),(8737,174008),(8658,174306),(8722,174306),(8649,174491),(8712,174491),(8718,174584),(8729,174621),(8662,175154),(8660,175577),(8694,175619),(8735,175619),(8658,175940),(8722,175940),(8698,176284),(8646,176367),(8709,176367),(8733,176381),(8742,176477),(8660,176612),(8700,176612),(8724,176612),(8713,176613),(8705,176648),(8649,176804),(8712,176804);
/*!40000 ALTER TABLE `poll_polls_candidates` ENABLE KEYS */;
UNLOCK TABLES;

--
-- Table structure for table `poll_polls_tickets`
--

DROP TABLE IF EXISTS `poll_polls_tickets`;
/*!40101 SET @saved_cs_client     = @@character_set_client */;
/*!40101 SET character_set_client = utf8 */;
CREATE TABLE `poll_polls_tickets` (
  `poll_id` int(10) unsigned NOT NULL,
  `ticket_id` int(10) unsigned NOT NULL,
  `has_voted` tinyint(3) unsigned NOT NULL DEFAULT '0',
  PRIMARY KEY (`poll_id`,`ticket_id`)
) ENGINE=InnoDB DEFAULT CHARSET=utf8;
/*!40101 SET character_set_client = @saved_cs_client */;

--
-- Dumping data for table `poll_polls_tickets`
--

LOCK TABLES `poll_polls_tickets` WRITE;
/*!40000 ALTER TABLE `poll_polls_tickets` DISABLE KEYS */;
/*!40000 ALTER TABLE `poll_polls_tickets` ENABLE KEYS */;
UNLOCK TABLES;

--
-- Table structure for table `poll_tickets`
--

DROP TABLE IF EXISTS `poll_tickets`;
/*!40101 SET @saved_cs_client     = @@character_set_client */;
/*!40101 SET character_set_client = utf8 */;
CREATE TABLE `poll_tickets` (
  `id` int(10) unsigned NOT NULL AUTO_INCREMENT,
  `code` char(40) NOT NULL,
  `first_name` varchar(75) NOT NULL,
  `last_name` varchar(75) NOT NULL,
  `email` varchar(120) NOT NULL,
  `validity` int(10) unsigned NOT NULL,
  `start_date` datetime DEFAULT NULL,
  `email_sent` tinyint(1) unsigned NOT NULL DEFAULT '0',
  `ip` varchar(16) NOT NULL,
  `is_debug` tinyint(1) unsigned NOT NULL DEFAULT '0',
  `province` varchar(2) NOT NULL,
  PRIMARY KEY (`id`) USING BTREE,
  KEY `code` (`code`) USING BTREE
) ENGINE=InnoDB DEFAULT CHARSET=utf8 ROW_FORMAT=COMPRESSED;
/*!40101 SET character_set_client = @saved_cs_client */;

--
-- Dumping data for table `poll_tickets`
--

LOCK TABLES `poll_tickets` WRITE;
/*!40000 ALTER TABLE `poll_tickets` DISABLE KEYS */;
/*!40000 ALTER TABLE `poll_tickets` ENABLE KEYS */;
UNLOCK TABLES;

--
-- Table structure for table `poll_user_log`
--

DROP TABLE IF EXISTS `poll_user_log`;
/*!40101 SET @saved_cs_client     = @@character_set_client */;
/*!40101 SET character_set_client = utf8 */;
CREATE TABLE `poll_user_log` (
  `id` int(10) unsigned NOT NULL AUTO_INCREMENT,
  `action` varchar(25) NOT NULL,
  `last_name` varchar(75) NOT NULL,
  `ip` varchar(16) NOT NULL,
  `url` varchar(250) NOT NULL DEFAULT '',
  `get` text NOT NULL,
  `post` text NOT NULL,
  `server` text NOT NULL,
  `cookie` text NOT NULL,
  `date` datetime NOT NULL,
  `code` varchar(40) NOT NULL,
  PRIMARY KEY (`id`),
  KEY `auth` (`date`,`action`,`ip`,`last_name`) USING BTREE
) ENGINE=InnoDB DEFAULT CHARSET=utf8;
/*!40101 SET character_set_client = @saved_cs_client */;

--
-- Dumping data for table `poll_user_log`
--

LOCK TABLES `poll_user_log` WRITE;
/*!40000 ALTER TABLE `poll_user_log` DISABLE KEYS */;
/*!40000 ALTER TABLE `poll_user_log` ENABLE KEYS */;
UNLOCK TABLES;

--
-- Table structure for table `poll_votes`
--

DROP TABLE IF EXISTS `poll_votes`;
/*!40101 SET @saved_cs_client     = @@character_set_client */;
/*!40101 SET character_set_client = utf8 */;
CREATE TABLE `poll_votes` (
  `poll_id` int(10) unsigned NOT NULL,
  `ballot_id` varchar(32) NOT NULL,
  `candidate_id` int(10) unsigned DEFAULT NULL,
  `position` int(10) unsigned DEFAULT NULL,
  `date` datetime DEFAULT NULL,
  `ticket_id` int(10) unsigned DEFAULT NULL,
  `first_name` varchar(75) DEFAULT NULL,
  `last_name` varchar(75) DEFAULT NULL,
  `is_debug` tinyint(3) unsigned NOT NULL DEFAULT '0',
  `is_blank` tinyint(1) unsigned NOT NULL DEFAULT '0'
) ENGINE=ARCHIVE DEFAULT CHARSET=utf8;
/*!40101 SET character_set_client = @saved_cs_client */;

--
-- Dumping data for table `poll_votes`
--

LOCK TABLES `poll_votes` WRITE;
/*!40000 ALTER TABLE `poll_votes` DISABLE KEYS */;
/*!40000 ALTER TABLE `poll_votes` ENABLE KEYS */;
UNLOCK TABLES;

--
-- Table structure for table `poll_votes_log`
--

DROP TABLE IF EXISTS `poll_votes_log`;
/*!40101 SET @saved_cs_client     = @@character_set_client */;
/*!40101 SET character_set_client = utf8 */;
CREATE TABLE `poll_votes_log` (
  `date` datetime DEFAULT NULL,
  `poll_id` int(10) unsigned NOT NULL,
  `ballot_data` longtext NOT NULL,
  `ticket_id` int(10) unsigned DEFAULT NULL,
  `first_name` varchar(100) DEFAULT NULL,
  `last_name` varchar(100) DEFAULT NULL,
  `ip` varchar(20) DEFAULT NULL,
  `is_debug` tinyint(1) unsigned DEFAULT '0'
) ENGINE=ARCHIVE DEFAULT CHARSET=utf8;
/*!40101 SET character_set_client = @saved_cs_client */;

--
-- Dumping data for table `poll_votes_log`
--

LOCK TABLES `poll_votes_log` WRITE;
/*!40000 ALTER TABLE `poll_votes_log` DISABLE KEYS */;
/*!40000 ALTER TABLE `poll_votes_log` ENABLE KEYS */;
UNLOCK TABLES;
/*!40103 SET TIME_ZONE=@OLD_TIME_ZONE */;

/*!40101 SET SQL_MODE=@OLD_SQL_MODE */;
/*!40014 SET FOREIGN_KEY_CHECKS=@OLD_FOREIGN_KEY_CHECKS */;
/*!40014 SET UNIQUE_CHECKS=@OLD_UNIQUE_CHECKS */;
/*!40101 SET CHARACTER_SET_CLIENT=@OLD_CHARACTER_SET_CLIENT */;
/*!40101 SET CHARACTER_SET_RESULTS=@OLD_CHARACTER_SET_RESULTS */;
/*!40101 SET COLLATION_CONNECTION=@OLD_COLLATION_CONNECTION */;
/*!40111 SET SQL_NOTES=@OLD_SQL_NOTES */;

-- Dump completed on 2013-05-08  8:00:09
